name,email,dob
John Doe,john.doe@example.com,1990-01-15
Jane Smith,jane.smith@example.com,1985-05-20
Bob Johnson,bob.johnson@example.com,1992-12-11
Alice Williams,alice.williams@example.com,1988-03-08
Charlie Brown,charlie.brown@example.com,1995-07-22
Diana Prince,diana.prince@example.com,1987-09-14
Ethan Hunt,ethan.hunt@example.com,1991-11-30
Fiona Green,fiona.green@example.com,1993-02-18
George Miller,george.miller@example.com,1986-06-25
Hannah White,hannah.white@example.com,1994-04-12
Ian Black,ian.black@example.com,1989-08-07
Julia Roberts,julia.roberts@example.com,1992-10-03
Kevin Hart,kevin.hart@example.com,1990-12-11
Laura Palmer,laura.palmer@example.com,1988-01-28
Michael Scott,michael.scott@example.com,1985-05-15
